<?xml version="1.0" encoding="UTF-8" standalone="yes"?>
<addon id="plugin.program.amoboxwizard" name="[COLOR blue][B]AMO[/B][/COLOR][COLOR green][B]box[/B][/COLOR] Wizard" version="3.2.0" provider-name="AdrXbmc">
  <requires>
    <import addon="xbmc.python" version="2.1.0"/>
  </requires>
  <extension point="xbmc.python.pluginsource" library="default.py">
        <provides>video executable</provides>
  </extension>
  <extension point="xbmc.addon.metadata">
    <summary lang="en">AMObox Custom Builds Wizard</summary>
    <description lang="en">Easy Install With AMObox Custom Builds Wizard</description>
    <platform>all</platform>
  </extension>
</addon>
