﻿<?xml version="1.0" encoding="UTF-8" standalone="yes"?>
<addon id="amoboxtv.repository" name="  [COLOR blue][B]AMO[/B][/COLOR][COLOR green]box[/COLOR][COLOR white] TV[/COLOR] repository" version="1.0.0" provider-name="AMObox">
	<extension point="xbmc.addon.repository" name="AMObox Repository">
		<info compressed="false">http://raw.github.com/AMObox/amoboxtv.repository/master/addons.xml</info>
		<checksum>http://raw.github.com/AMObox/amoboxtv.repository/master/addons.xml.md5</checksum>
		<datadir zip="true">http://raw.github.com/AMObox/amoboxtv.repository/master/repo/</datadir>
	</extension>
	<extension point="xbmc.addon.metadata">
		<summary>AMObox TV Addons</summary>
		<description>AMObox TV easy install and update to addons and tools.</description>
		<disclaimer></disclaimer>
		<platform>all</platform>
	</extension>
</addon>