<?xml version="1.0" encoding="UTF-8" standalone="yes"?>
<addon id="plugin.video.fixstalker" name="Fix IPTV Stalker" version="1.0.0" provider-name="AdrXbmc">
  <requires>
    <import addon="xbmc.python" version="2.1.0"/>
  </requires>
  <extension point="xbmc.python.pluginsource" library="default.py">
        <provides>video</provides>
  </extension>
  <extension point="xbmc.addon.metadata">
    <summary lang="en">Fix IPTV Stalker</summary>
    <description lang="en">Fix IPTV Stalker</description>
    <platform>all</platform>
  </extension>
</addon>
