<?xml version="1.0" encoding="UTF-8" standalone="yes"?>
<addon id="plugin.program.amoboxcbtool" name="[COLOR blue][B]AMO[/B][/COLOR][COLOR green]box[/COLOR] CB Tool" version="3.0.1" provider-name="AdrXbmc">
  <requires>
    <import addon="xbmc.python" version="2.1.0"/>
	<import addon="plugin.program.amoboxwizard" version="3.0.0"/>
	<import addon="plugin.program.amoboxnotifications" version="3.0.0"/>
  </requires>
  <extension point="xbmc.python.pluginsource" library="default.py">
        <provides>executable</provides>
  </extension>
  <extension point="xbmc.addon.metadata">
    <summary lang="en">AMObox Custom Builds Tool</summary>
    <description lang="en">Backup/restore your own build or install one from a zip you already have.[CR]Brought to you by [COLOR=blue][B]AMO[/B][/COLOR][COLOR=green]box[/COLOR].[CR][CR]Create your very own build and share with everyone, you can now create your own universal build at the click of a button.</description>
    <platform>all</platform>
  </extension>
</addon>